<?xml version="1.0" encoding="UTF-8"?>
<project-private xmlns="http://www.netbeans.org/ns/project-private/1">
    <editor-bookmarks xmlns="http://www.netbeans.org/ns/editor-bookmarks/2" lastBookmarkId="0"/>
    <open-files xmlns="http://www.netbeans.org/ns/projectui-open-files/2">
        <group>
            <file>file:/C:/xampp/htdocs/ApartamenteDeInchiriat/application/views/v_admin.php</file>
            <file>file:/C:/xampp/htdocs/ApartamenteDeInchiriat/application/config/database.php</file>
            <file>file:/C:/xampp/htdocs/ApartamenteDeInchiriat/application/views/v_imageUpload.php</file>
            <file>file:/C:/xampp/htdocs/ApartamenteDeInchiriat/application/views/index.html</file>
            <file>file:/C:/xampp/htdocs/ApartamenteDeInchiriat/application/models/ModelLogIn.php</file>
            <file>file:/C:/xampp/htdocs/ApartamenteDeInchiriat/application/views/v_update.php</file>
            <file>file:/C:/xampp/htdocs/ApartamenteDeInchiriat/application/config/config.php</file>
            <file>file:/C:/xampp/htdocs/ApartamenteDeInchiriat/application/controllers/C_image.php</file>
            <file>file:/C:/xampp/htdocs/ApartamenteDeInchiriat/application/models/Queries.php</file>
            <file>file:/C:/xampp/htdocs/ApartamenteDeInchiriat/application/config/autoload.php</file>
            <file>file:/C:/xampp/htdocs/ApartamenteDeInchiriat/application/views/header.php</file>
            <file>file:/C:/xampp/htdocs/ApartamenteDeInchiriat/application/controllers/C_admin.php</file>
            <file>file:/C:/xampp/htdocs/ApartamenteDeInchiriat/application/views/v_form_login.php</file>
            <file>file:/C:/xampp/htdocs/ApartamenteDeInchiriat/application/views/v_create.php</file>
            <file>file:/C:/xampp/htdocs/ApartamenteDeInchiriat/application/views/v_apartamente.php</file>
            <file>file:/C:/xampp/htdocs/ApartamenteDeInchiriat/application/views/v_view.php</file>
            <file>file:/C:/xampp/htdocs/ApartamenteDeInchiriat/application/controllers/C_apartamente.php</file>
            <file>file:/C:/xampp/htdocs/ApartamenteDeInchiriat/application/config/foreign_chars.php</file>
            <file>file:/C:/xampp/htdocs/ApartamenteDeInchiriat/application/controllers/C_login.php</file>
            <file>file:/C:/xampp/htdocs/ApartamenteDeInchiriat/assets/css/style_v_apartamente.css</file>
        </group>
    </open-files>
</project-private>
