<?xml version="1.0" encoding="UTF-8"?>
<project-private xmlns="http://www.netbeans.org/ns/project-private/1">
    <editor-bookmarks xmlns="http://www.netbeans.org/ns/editor-bookmarks/2" lastBookmarkId="0"/>
    <open-files xmlns="http://www.netbeans.org/ns/projectui-open-files/2">
        <group>
            <file>file:/C:/xampp/htdocs/ApartamenteDeInchiriat/application/views/v_admin.php</file>
            <file>file:/C:/xampp/htdocs/ApartamenteDeInchiriat/application/views/header.php</file>
            <file>file:/C:/xampp/htdocs/ApartamenteDeInchiriat/application/views/v_imageUpload.php</file>
            <file>file:/C:/xampp/htdocs/ApartamenteDeInchiriat/application/views/v_form_login.php</file>
            <file>file:/C:/xampp/htdocs/ApartamenteDeInchiriat/application/models/queries.php</file>
            <file>file:/C:/xampp/htdocs/ApartamenteDeInchiriat/application/views/v_create.php</file>
            <file>file:/C:/xampp/htdocs/ApartamenteDeInchiriat/application/views/v_apartamente.php</file>
            <file>file:/C:/xampp/htdocs/ApartamenteDeInchiriat/application/views/v_update.php</file>
            <file>file:/C:/xampp/htdocs/ApartamenteDeInchiriat/application/controllers/c_login.php</file>
            <file>file:/C:/xampp/htdocs/ApartamenteDeInchiriat/application/controllers/c_apartamente.php</file>
            <file>file:/C:/xampp/htdocs/ApartamenteDeInchiriat/application/controllers/c_admin.php</file>
        </group>
    </open-files>
</project-private>
